ENSP Pos	UniProt Pos	ENSP AA	UniProt AA
1	1	M	M
2	2	S	S
3	3	S	S
4	4	P	P
5	5	N	N
6	6	I	I
7	7	W	W
8	8	S	S
9	9	T	T
10	10	G	G
11	11	S	S
12	12	S	S
13	13	V	V
14	14	Y	Y
15	15	S	S
16	16	T	T
17	17	P	P
18	18	V	V
19	19	F	F
20	20	S	S
21	21	Q	Q
22	22	K	K
23	23	M	M
24	24	T	T
25	25	V	V
26	26	W	W
27	27	I	I
28	28	L	L
29	29	L	L
30	30	L	L
31	31	L	L
32	32	S	S
33	33	L	L
34	34	Y	Y
35	35	P	P
36	36	G	G
37	37	F	F
38	38	T	T
39	39	S	S
40	40	Q	Q
41	41	K	K
42	42	S	S
43	43	D	D
44	44	D	D
45	45	D	D
46	46	Y	Y
47	47	E	E
48	48	D	D
49	49	Y	Y
50	50	A	A
51	51	S	S
52	52	N	N
53	53	K	K
54	54	T	T
55	55	W	W
56	56	V	V
57	57	L	L
58	58	T	T
59	59	P	P
60	60	K	K
61	61	V	V
62	62	P	P
63	63	E	E
64	64	G	G
65	65	D	D
66	66	V	V
67	67	T	T
68	68	V	V
69	69	I	I
70	70	L	L
71	71	N	N
72	72	N	N
73	73	L	L
74	74	L	L
75	75	E	E
76	76	G	G
77	77	Y	Y
78	78	D	D
79	79	N	N
80	80	K	K
81	81	L	L
82	82	R	R
83	83	P	P
84	84	D	D
85	85	I	I
86	86	G	G
87	87	V	V
88	88	K	K
89	89	P	P
90	90	T	T
91	91	L	L
92	92	I	I
93	93	H	H
94	94	T	T
95	95	D	D
96	96	M	M
97	97	Y	Y
98	98	V	V
99	99	N	N
100	100	S	S
101	101	I	I
102	102	G	G
103	103	P	P
104	104	V	V
105	105	N	N
106	106	A	A
107	107	I	I
108	108	N	N
109	109	M	M
110	110	E	E
111	111	Y	Y
112	112	T	T
113	113	I	I
114	114	D	D
115	115	I	I
116	116	F	F
117	117	F	F
118	118	A	A
119	119	Q	Q
120	120	T	T
121	121	W	W
122	122	Y	Y
123	123	D	D
124	124	R	R
125	125	R	R
126	126	L	L
127	127	K	K
128	128	F	F
129	129	N	N
130	130	S	S
131	131	T	T
132	132	I	I
133	133	K	K
134	134	V	V
135	135	L	L
136	136	R	R
137	137	L	L
138	138	N	N
139	139	S	S
140	140	N	N
141	141	M	M
142	142	V	V
143	143	G	G
144	144	K	K
145	145	I	I
146	146	W	W
147	147	I	I
148	148	P	P
149	149	D	D
150	150	T	T
151	151	F	F
152	152	F	F
153	153	R	R
154	154	N	N
155	155	S	S
156	156	K	K
157	157	K	K
158	158	A	A
159	159	D	D
160	160	A	A
161	161	H	H
162	162	W	W
163	163	I	I
164	164	T	T
165	165	T	T
166	166	P	P
167	167	N	N
168	168	R	R
169	169	M	M
170	170	L	L
171	171	R	R
172	172	I	I
173	173	W	W
174	174	N	N
175	175	D	D
176	176	G	G
177	177	R	R
178	178	V	V
179	179	L	L
180	180	Y	Y
181	181	T	T
182	182	L	L
183	183	R	R
184	184	L	L
185	185	T	T
186	186	I	I
187	187	D	D
188	188	A	A
189	189	E	E
190	190	C	C
191	191	Q	Q
192	192	L	L
193	193	Q	Q
194	194	L	L
195	195	H	H
196	196	N	N
197	197	F	F
198	198	P	P
199	199	M	M
200	200	D	D
201	201	E	E
202	202	H	H
203	203	S	S
204	204	C	C
205	205	P	P
206	206	L	L
207	207	E	E
208	208	F	F
209	209	S	S
210	210	S	S
211	211	W	Y
212		S	-
213		R	-
214		S	-
215		I	-
216		A	-
217		Q	-
218		A	-
219		G	-
220		M	-
221		C	-
222		S	-
223		G	-
224		V	-
225		I	-
226		S	-
227		A	-
228		H	-
229		Y	-
230		S	-
231		L	-
232		R	-
233		F	-
234		W	-
235		G	-
236		S	-
237		T	-
238		D	-
239		P	-
240		P	-
241		T	-
242		L	-
243		A	-
244		S	-
245		R	-
246		V	-
247		A	-
248		G	-
249		I	-
250		S	-
251		D	-
252	212	G	G
253	213	Y	Y
254	214	P	P
255	215	R	R
256	216	E	E
257	217	E	E
258	218	I	I
259	219	V	V
260	220	Y	Y
261	221	Q	Q
262	222	W	W
263	223	K	K
264	224	R	R
265	225	S	S
266	226	S	S
267	227	V	V
268	228	E	E
269	229	V	V
270	230	G	G
271	231	D	D
272	232	T	T
273	233	R	R
274	234	S	S
275	235	W	W
276	236	R	R
277	237	L	L
278	238	Y	Y
279	239	Q	Q
280	240	F	F
281	241	S	S
282	242	F	F
283	243	V	V
284	244	G	G
285	245	L	L
286	246	R	R
287	247	N	N
288	248	T	T
289	249	T	T
290	250	E	E
291	251	V	V
292	252	V	V
293	253	K	K
294	254	T	T
295	255	T	T
296	256	S	S
297	257	G	G
298	258	D	D
299	259	Y	Y
300	260	V	V
301	261	V	V
302	262	M	M
303	263	S	S
304	264	V	V
305	265	Y	Y
306	266	F	F
307	267	D	D
308	268	L	L
309	269	S	S
310	270	R	R
311	271	R	R
312	272	M	M
313	273	G	G
314	274	Y	Y
315	275	F	F
316	276	T	T
317	277	I	I
318	278	Q	Q
319	279	T	T
320	280	Y	Y
321	281	I	I
322	282	P	P
323	283	C	C
324	284	T	T
325	285	L	L
326	286	I	I
327	287	V	V
328	288	V	V
329	289	L	L
330	290	S	S
331	291	W	W
332	292	V	V
333	293	S	S
334	294	F	F
335	295	W	W
336	296	I	I
337	297	N	N
338	298	K	K
339	299	D	D
340	300	A	A
341	301	V	V
342	302	P	P
343	303	A	A
344	304	R	R
345	305	T	T
346	306	S	S
347	307	L	L
348	308	G	G
349	309	I	I
350	310	T	T
351	311	T	T
352	312	V	V
353	313	L	L
354	314	T	T
355	315	M	M
356	316	T	T
357	317	T	T
358	318	L	L
359	319	S	S
360	320	T	T
361	321	I	I
362	322	A	A
363	323	R	R
364	324	K	K
365	325	S	S
366	326	L	L
367	327	P	P
368	328	K	K
369	329	V	V
370	330	S	S
371	331	Y	Y
372	332	V	V
373	333	T	T
374	334	A	A
375	335	M	M
376	336	D	D
377	337	L	L
378	338	F	F
379	339	V	V
380	340	S	S
381	341	V	V
382	342	C	C
383	343	F	F
384	344	I	I
385	345	F	F
386	346	V	V
387	347	F	F
388	348	S	S
389	349	A	A
390	350	L	L
391	351	V	V
392	352	E	E
393	353	Y	Y
394	354	G	G
395	355	T	T
396	356	L	L
397	357	H	H
398	358	Y	Y
399	359	F	F
400	360	V	V
401	361	S	S
402	362	N	N
403	363	R	R
404	364	K	K
405	365	P	P
406	366	S	S
407	367	K	K
408	368	D	D
409	369	K	K
410	370	D	D
411	371	K	K
412	372	K	K
413	373	K	K
414	374	K	K
415	375	N	N
416	376	P	P
417		L	-
418		L	-
419		R	-
420		M	-
421		F	-
422		S	-
423		F	-
424		K	-
425	377	A	A
426	378	P	P
427	379	T	T
428	380	I	I
429	381	D	D
430	382	I	I
431	383	R	R
432	384	P	P
433	385	R	R
434	386	S	S
435	387	A	A
436	388	T	T
437	389	I	I
438	390	Q	Q
439	391	M	M
440	392	N	N
441	393	N	N
442	394	A	A
443	395	T	T
444	396	H	H
445	397	L	L
446	398	Q	Q
447	399	E	E
448	400	R	R
449	401	D	D
450	402	E	E
451	403	E	E
452	404	Y	Y
453	405	G	G
454	406	Y	Y
455	407	E	E
456	408	C	C
457	409	L	L
458	410	D	D
459	411	G	G
460	412	K	K
461	413	D	D
462	414	C	C
463	415	A	A
464	416	S	S
465	417	F	F
466	418	F	F
467	419	C	C
468	420	C	C
469	421	F	F
470	422	E	E
471	423	D	D
472	424	C	C
473	425	R	R
474	426	T	T
475	427	G	G
476	428	A	A
477	429	W	W
478	430	R	R
479	431	H	H
480	432	G	G
481	433	R	R
482	434	I	I
483	435	H	H
484	436	I	I
485	437	R	R
486	438	I	I
487	439	A	A
488	440	K	K
489	441	M	M
490	442	D	D
491	443	S	S
492	444	Y	Y
493	445	A	A
494	446	R	R
495	447	I	I
496	448	F	F
497	449	F	F
498	450	P	P
499	451	T	T
500	452	A	A
501	453	F	F
502	454	C	C
503	455	L	L
504	456	F	F
505	457	N	N
506	458	L	L
507	459	V	V
508	460	Y	Y
509	461	W	W
510	462	V	V
511	463	S	S
512	464	Y	Y
513	465	L	L
514	466	Y	Y
515	467	L	L
